index,age,Medu,Fedu,traveltime,studytime,failures,famrel,freetime,goout,Dalc,Walc,health,absences,school,sex,address,famsize,Pstatus,x0_at_home,x0_health,x0_other,x0_services,x0_teacher,x0_at_home,x0_health,x0_other,x0_services,x0_teacher,x0_course,x0_home,x0_other,x0_reputation,x0_father,x0_mother,x0_other,schoolsup,famsup,paid,activities,nursery,higher,internet,romantic,G3,Prediction,error,error_pc
343.0,17.0,2.0,2.0,1.0,2.0,1.0,3.0,3.0,1.0,1.0,2.0,4.0,0.0,0.0,0.0,1.0,0.0,0.0,1.0,0.0,0.0,0.0,0.0,1.0,0.0,0.0,0.0,0.0,0.0,1.0,0.0,0.0,1.0,0.0,0.0,0.0,1.0,-0.0,0.0,1.0,1.0,1.0,1.0,0,10,10,inf
333.0,18.0,2.0,2.0,1.0,2.0,0.0,4.0,3.0,3.0,1.0,1.0,2.0,0.0,0.0,0.0,1.0,1.0,1.0,0.0,0.0,1.0,0.0,0.0,0.0,0.0,1.0,0.0,0.0,0.0,1.0,0.0,0.0,0.0,0.0,1.0,0.0,0.0,-0.0,1.0,0.0,1.0,1.0,1.0,0,10,10,inf
558.0,18.0,1.0,1.0,1.0,1.0,2.0,2.0,3.0,5.0,2.0,5.0,4.0,0.0,0.0,1.0,1.0,1.0,1.0,0.0,0.0,1.0,0.0,0.0,0.0,0.0,1.0,0.0,0.0,1.0,0.0,0.0,0.0,0.0,1.0,0.0,0.0,0.0,-0.0,0.0,1.0,0.0,1.0,1.0,0,8,8,inf
978.0,18.0,2.0,2.0,2.0,1.0,1.0,5.0,5.0,5.0,1.0,1.0,3.0,0.0,1.0,0.0,0.0,0.0,1.0,0.0,0.0,1.0,0.0,0.0,0.0,0.0,1.0,0.0,0.0,0.0,0.0,1.0,0.0,0.0,1.0,0.0,0.0,0.0,-0.0,0.0,1.0,0.0,1.0,1.0,0,10,10,inf
269.0,18.0,2.0,1.0,2.0,2.0,0.0,4.0,3.0,5.0,1.0,2.0,3.0,0.0,0.0,0.0,0.0,0.0,1.0,0.0,0.0,1.0,0.0,0.0,0.0,0.0,1.0,0.0,0.0,0.0,0.0,0.0,1.0,0.0,1.0,0.0,0.0,1.0,-0.0,0.0,1.0,0.0,1.0,1.0,0,11,11,inf
981.0,17.0,4.0,2.0,1.0,2.0,0.0,5.0,5.0,5.0,1.0,3.0,5.0,0.0,1.0,0.0,1.0,0.0,1.0,0.0,0.0,0.0,0.0,1.0,0.0,0.0,0.0,1.0,0.0,0.0,1.0,0.0,0.0,0.0,1.0,0.0,1.0,1.0,-0.0,1.0,1.0,1.0,1.0,0.0,0,11,11,inf
128.0,18.0,2.0,2.0,1.0,1.0,2.0,3.0,3.0,3.0,1.0,2.0,4.0,0.0,0.0,1.0,0.0,0.0,1.0,0.0,0.0,0.0,1.0,0.0,0.0,0.0,1.0,0.0,0.0,0.0,0.0,0.0,1.0,0.0,1.0,0.0,0.0,1.0,-0.0,1.0,1.0,1.0,1.0,0.0,0,0,0,
337.0,17.0,3.0,2.0,1.0,2.0,0.0,4.0,3.0,2.0,2.0,3.0,2.0,0.0,0.0,0.0,1.0,0.0,1.0,0.0,0.0,1.0,0.0,0.0,0.0,0.0,1.0,0.0,0.0,0.0,1.0,0.0,0.0,0.0,1.0,0.0,0.0,1.0,1.0,0.0,1.0,1.0,1.0,1.0,0,11,11,inf
296.0,19.0,4.0,4.0,2.0,2.0,0.0,2.0,3.0,4.0,2.0,3.0,2.0,0.0,0.0,0.0,1.0,0.0,1.0,0.0,1.0,0.0,0.0,0.0,0.0,0.0,1.0,0.0,0.0,0.0,0.0,0.0,1.0,0.0,0.0,1.0,0.0,1.0,1.0,1.0,1.0,1.0,1.0,0.0,0,15,15,inf
316.0,18.0,2.0,1.0,2.0,2.0,0.0,5.0,3.0,3.0,1.0,2.0,1.0,0.0,0.0,0.0,1.0,0.0,1.0,0.0,0.0,0.0,1.0,0.0,0.0,0.0,1.0,0.0,0.0,1.0,0.0,0.0,0.0,0.0,1.0,0.0,0.0,1.0,1.0,1.0,1.0,1.0,1.0,0.0,0,10,10,inf
1000.0,19.0,1.0,1.0,2.0,1.0,1.0,5.0,5.0,5.0,2.0,3.0,2.0,0.0,1.0,0.0,1.0,0.0,1.0,1.0,0.0,0.0,0.0,0.0,0.0,0.0,0.0,1.0,0.0,0.0,0.0,1.0,0.0,1.0,0.0,0.0,0.0,0.0,-0.0,0.0,1.0,0.0,0.0,0.0,0,10,10,inf
373.0,17.0,1.0,2.0,1.0,1.0,0.0,3.0,5.0,5.0,1.0,3.0,1.0,14.0,1.0,0.0,0.0,0.0,1.0,0.0,0.0,1.0,0.0,0.0,0.0,0.0,1.0,0.0,0.0,1.0,0.0,0.0,0.0,0.0,1.0,0.0,0.0,0.0,-0.0,1.0,1.0,1.0,1.0,0.0,5,10,5,1.0
18.0,17.0,3.0,2.0,1.0,1.0,3.0,5.0,5.0,5.0,2.0,4.0,5.0,16.0,0.0,1.0,1.0,0.0,1.0,0.0,0.0,0.0,1.0,0.0,0.0,0.0,0.0,1.0,0.0,1.0,0.0,0.0,0.0,0.0,1.0,0.0,0.0,1.0,-0.0,1.0,1.0,1.0,1.0,0.0,5,8,3,0.6
1.0,17.0,1.0,1.0,1.0,2.0,0.0,5.0,3.0,3.0,1.0,1.0,3.0,4.0,0.0,0.0,1.0,0.0,1.0,1.0,0.0,0.0,0.0,0.0,0.0,0.0,1.0,0.0,0.0,1.0,0.0,0.0,0.0,1.0,0.0,0.0,0.0,1.0,-0.0,0.0,0.0,1.0,1.0,0.0,6,10,4,0.67
45.0,15.0,4.0,3.0,1.0,2.0,0.0,5.0,2.0,2.0,1.0,1.0,5.0,8.0,0.0,0.0,1.0,1.0,0.0,0.0,0.0,1.0,0.0,0.0,0.0,0.0,1.0,0.0,0.0,1.0,0.0,0.0,0.0,0.0,1.0,0.0,1.0,1.0,1.0,1.0,1.0,1.0,1.0,1.0,6,11,5,0.83
909.0,16.0,3.0,2.0,1.0,1.0,0.0,3.0,1.0,3.0,1.0,4.0,3.0,2.0,1.0,0.0,1.0,0.0,1.0,0.0,0.0,0.0,1.0,0.0,1.0,0.0,0.0,0.0,0.0,1.0,0.0,0.0,0.0,0.0,1.0,0.0,0.0,0.0,-0.0,0.0,1.0,1.0,1.0,0.0,7,12,5,0.71
206.0,16.0,3.0,1.0,1.0,2.0,3.0,2.0,3.0,3.0,2.0,2.0,4.0,5.0,0.0,0.0,1.0,0.0,0.0,0.0,0.0,0.0,1.0,0.0,0.0,0.0,1.0,0.0,0.0,1.0,0.0,0.0,0.0,0.0,1.0,0.0,0.0,1.0,1.0,0.0,1.0,1.0,1.0,0.0,7,10,3,0.43
392.0,21.0,1.0,1.0,1.0,1.0,3.0,5.0,5.0,3.0,3.0,3.0,3.0,3.0,1.0,1.0,0.0,0.0,1.0,0.0,0.0,1.0,0.0,0.0,0.0,0.0,1.0,0.0,0.0,1.0,0.0,0.0,0.0,0.0,0.0,1.0,0.0,0.0,-0.0,0.0,0.0,1.0,0.0,0.0,7,8,1,0.14
913.0,18.0,2.0,4.0,1.0,2.0,1.0,2.0,3.0,2.0,1.0,3.0,1.0,8.0,1.0,0.0,1.0,0.0,0.0,0.0,0.0,1.0,0.0,0.0,0.0,0.0,0.0,1.0,0.0,0.0,0.0,0.0,1.0,1.0,0.0,0.0,0.0,1.0,-0.0,0.0,1.0,1.0,1.0,0.0,8,10,2,0.25
563.0,15.0,2.0,3.0,1.0,2.0,0.0,4.0,4.0,4.0,1.0,1.0,1.0,0.0,0.0,1.0,0.0,0.0,1.0,1.0,0.0,0.0,0.0,0.0,0.0,0.0,0.0,1.0,0.0,1.0,0.0,0.0,0.0,0.0,1.0,0.0,1.0,0.0,1.0,1.0,1.0,1.0,0.0,0.0,8,10,2,0.25
848.0,16.0,1.0,2.0,1.0,3.0,1.0,1.0,3.0,2.0,1.0,2.0,4.0,0.0,1.0,0.0,1.0,0.0,1.0,0.0,0.0,1.0,0.0,0.0,0.0,0.0,0.0,1.0,0.0,1.0,0.0,0.0,0.0,0.0,1.0,0.0,0.0,1.0,-0.0,0.0,1.0,1.0,0.0,0.0,8,8,0,0.0
90.0,16.0,3.0,3.0,1.0,3.0,0.0,4.0,3.0,3.0,1.0,3.0,4.0,0.0,0.0,0.0,1.0,0.0,1.0,0.0,0.0,1.0,0.0,0.0,0.0,0.0,1.0,0.0,0.0,0.0,1.0,0.0,0.0,0.0,1.0,0.0,0.0,1.0,1.0,0.0,1.0,1.0,1.0,1.0,8,15,7,0.88
218.0,17.0,2.0,3.0,2.0,1.0,0.0,3.0,3.0,3.0,1.0,4.0,3.0,3.0,0.0,0.0,1.0,0.0,1.0,1.0,0.0,0.0,0.0,0.0,0.0,0.0,1.0,0.0,0.0,0.0,1.0,0.0,0.0,1.0,0.0,0.0,0.0,1.0,1.0,0.0,1.0,1.0,0.0,0.0,8,10,2,0.25
495.0,16.0,4.0,4.0,1.0,1.0,0.0,4.0,5.0,5.0,5.0,5.0,4.0,12.0,0.0,1.0,1.0,0.0,1.0,0.0,0.0,0.0,1.0,0.0,0.0,0.0,0.0,1.0,0.0,0.0,0.0,1.0,0.0,0.0,1.0,0.0,1.0,1.0,-0.0,1.0,1.0,1.0,1.0,0.0,8,11,3,0.38
938.0,17.0,4.0,4.0,3.0,1.0,3.0,3.0,3.0,3.0,1.0,3.0,5.0,2.0,1.0,1.0,0.0,0.0,1.0,0.0,1.0,0.0,0.0,0.0,0.0,0.0,1.0,0.0,0.0,1.0,0.0,0.0,0.0,1.0,0.0,0.0,0.0,0.0,-0.0,1.0,1.0,1.0,1.0,1.0,8,13,5,0.62
213.0,18.0,2.0,2.0,1.0,2.0,1.0,4.0,4.0,4.0,2.0,4.0,5.0,15.0,0.0,1.0,1.0,0.0,1.0,0.0,0.0,0.0,1.0,0.0,0.0,0.0,1.0,0.0,0.0,0.0,1.0,0.0,0.0,0.0,1.0,0.0,0.0,1.0,1.0,1.0,1.0,1.0,1.0,0.0,8,11,3,0.38
106.0,15.0,2.0,2.0,1.0,4.0,0.0,5.0,1.0,2.0,1.0,1.0,3.0,8.0,0.0,0.0,1.0,0.0,1.0,0.0,0.0,1.0,0.0,0.0,0.0,0.0,1.0,0.0,0.0,1.0,0.0,0.0,0.0,0.0,1.0,0.0,1.0,1.0,1.0,0.0,1.0,1.0,1.0,0.0,8,13,5,0.62
879.0,16.0,2.0,2.0,1.0,1.0,0.0,4.0,3.0,4.0,1.0,2.0,1.0,6.0,1.0,0.0,1.0,1.0,0.0,0.0,0.0,1.0,0.0,0.0,0.0,0.0,1.0,0.0,0.0,0.0,1.0,0.0,0.0,0.0,1.0,0.0,0.0,1.0,-0.0,0.0,1.0,0.0,0.0,0.0,8,10,2,0.25
860.0,18.0,1.0,2.0,1.0,2.0,1.0,3.0,4.0,4.0,2.0,3.0,5.0,9.0,1.0,0.0,1.0,0.0,1.0,0.0,0.0,1.0,0.0,0.0,0.0,0.0,1.0,0.0,0.0,1.0,0.0,0.0,0.0,1.0,0.0,0.0,0.0,1.0,-0.0,1.0,1.0,1.0,1.0,1.0,8,10,2,0.25
352.0,18.0,1.0,3.0,1.0,1.0,1.0,4.0,3.0,3.0,2.0,3.0,3.0,7.0,1.0,1.0,1.0,1.0,1.0,1.0,0.0,0.0,0.0,0.0,0.0,0.0,0.0,1.0,0.0,1.0,0.0,0.0,0.0,0.0,1.0,0.0,0.0,0.0,-0.0,0.0,1.0,0.0,1.0,1.0,8,10,2,0.25
180.0,16.0,4.0,3.0,1.0,2.0,0.0,3.0,4.0,3.0,2.0,3.0,3.0,10.0,0.0,1.0,1.0,0.0,1.0,0.0,0.0,0.0,0.0,1.0,0.0,0.0,1.0,0.0,0.0,0.0,1.0,0.0,0.0,0.0,1.0,0.0,0.0,1.0,1.0,1.0,1.0,1.0,1.0,0.0,8,10,2,0.25
1017.0,18.0,1.0,3.0,2.0,2.0,0.0,3.0,3.0,4.0,2.0,4.0,3.0,0.0,1.0,1.0,0.0,0.0,1.0,1.0,0.0,0.0,0.0,0.0,0.0,0.0,1.0,0.0,0.0,1.0,0.0,0.0,0.0,0.0,1.0,0.0,0.0,1.0,1.0,0.0,1.0,1.0,0.0,0.0,9,10,1,0.11
983.0,17.0,4.0,1.0,1.0,1.0,0.0,3.0,2.0,2.0,1.0,1.0,5.0,0.0,1.0,0.0,1.0,0.0,1.0,0.0,1.0,0.0,0.0,0.0,1.0,0.0,0.0,0.0,0.0,1.0,0.0,0.0,0.0,0.0,1.0,0.0,0.0,1.0,-0.0,0.0,1.0,1.0,0.0,1.0,9,8,-1,-0.11
328.0,17.0,4.0,4.0,1.0,3.0,0.0,5.0,4.0,4.0,1.0,3.0,4.0,7.0,0.0,0.0,1.0,0.0,1.0,0.0,0.0,0.0,0.0,1.0,0.0,0.0,0.0,1.0,0.0,1.0,0.0,0.0,0.0,0.0,1.0,0.0,0.0,1.0,1.0,1.0,1.0,1.0,1.0,0.0,9,10,1,0.11
877.0,15.0,1.0,1.0,2.0,1.0,0.0,5.0,2.0,1.0,1.0,3.0,4.0,0.0,1.0,0.0,0.0,1.0,1.0,1.0,0.0,0.0,0.0,0.0,0.0,0.0,1.0,0.0,0.0,1.0,0.0,0.0,0.0,0.0,1.0,0.0,0.0,1.0,-0.0,0.0,1.0,0.0,0.0,1.0,9,10,1,0.11
370.0,19.0,3.0,2.0,2.0,2.0,2.0,3.0,2.0,2.0,1.0,1.0,3.0,4.0,1.0,0.0,1.0,1.0,1.0,0.0,0.0,0.0,1.0,0.0,0.0,0.0,0.0,1.0,0.0,0.0,1.0,0.0,0.0,0.0,0.0,1.0,0.0,0.0,-0.0,1.0,1.0,1.0,0.0,1.0,9,8,-1,-0.11
889.0,16.0,1.0,2.0,1.0,2.0,0.0,4.0,4.0,5.0,1.0,3.0,3.0,0.0,1.0,0.0,0.0,1.0,1.0,1.0,0.0,0.0,0.0,0.0,0.0,0.0,1.0,0.0,0.0,1.0,0.0,0.0,0.0,0.0,1.0,0.0,0.0,0.0,-0.0,1.0,1.0,0.0,1.0,0.0,9,11,2,0.22
205.0,17.0,3.0,4.0,1.0,3.0,1.0,4.0,4.0,3.0,3.0,4.0,5.0,28.0,0.0,0.0,1.0,0.0,1.0,1.0,0.0,0.0,0.0,0.0,0.0,0.0,0.0,1.0,0.0,0.0,1.0,0.0,0.0,0.0,1.0,0.0,0.0,1.0,1.0,0.0,1.0,1.0,1.0,1.0,9,10,1,0.11
652.0,17.0,4.0,4.0,1.0,1.0,0.0,4.0,2.0,1.0,1.0,2.0,5.0,6.0,0.0,1.0,1.0,0.0,1.0,0.0,0.0,0.0,0.0,1.0,0.0,0.0,0.0,0.0,1.0,1.0,0.0,0.0,0.0,0.0,1.0,0.0,0.0,1.0,-0.0,1.0,0.0,1.0,1.0,0.0,9,14,5,0.56
175.0,17.0,4.0,3.0,2.0,2.0,0.0,4.0,4.0,4.0,4.0,4.0,4.0,4.0,0.0,1.0,1.0,1.0,1.0,0.0,0.0,0.0,0.0,1.0,0.0,0.0,1.0,0.0,0.0,1.0,0.0,0.0,0.0,0.0,1.0,0.0,0.0,0.0,1.0,1.0,1.0,1.0,1.0,0.0,9,10,1,0.11
545.0,15.0,3.0,3.0,1.0,2.0,0.0,1.0,3.0,2.0,2.0,3.0,1.0,24.0,0.0,0.0,1.0,0.0,0.0,0.0,0.0,0.0,1.0,0.0,0.0,0.0,0.0,1.0,0.0,0.0,1.0,0.0,0.0,0.0,1.0,0.0,0.0,0.0,-0.0,0.0,0.0,1.0,0.0,1.0,9,12,3,0.33
321.0,17.0,2.0,2.0,1.0,2.0,0.0,4.0,2.0,2.0,1.0,1.0,3.0,12.0,0.0,0.0,1.0,0.0,1.0,0.0,0.0,1.0,0.0,0.0,0.0,0.0,1.0,0.0,0.0,1.0,0.0,0.0,0.0,0.0,1.0,0.0,0.0,1.0,-0.0,0.0,1.0,1.0,0.0,1.0,9,11,2,0.22
897.0,17.0,2.0,2.0,3.0,4.0,1.0,1.0,3.0,5.0,3.0,5.0,3.0,2.0,1.0,1.0,0.0,1.0,1.0,0.0,0.0,0.0,1.0,0.0,0.0,0.0,0.0,1.0,0.0,0.0,0.0,1.0,0.0,0.0,1.0,0.0,0.0,1.0,-0.0,0.0,1.0,1.0,0.0,0.0,9,11,2,0.22
394.0,19.0,1.0,1.0,1.0,1.0,0.0,3.0,2.0,3.0,3.0,3.0,5.0,5.0,1.0,1.0,1.0,1.0,1.0,0.0,0.0,1.0,0.0,0.0,1.0,0.0,0.0,0.0,0.0,1.0,0.0,0.0,0.0,1.0,0.0,0.0,0.0,0.0,-0.0,0.0,1.0,1.0,1.0,0.0,9,11,2,0.22
58.0,15.0,1.0,2.0,1.0,2.0,0.0,4.0,3.0,2.0,1.0,1.0,5.0,2.0,0.0,1.0,1.0,1.0,1.0,0.0,0.0,1.0,0.0,0.0,1.0,0.0,0.0,0.0,0.0,0.0,1.0,0.0,0.0,1.0,0.0,0.0,1.0,1.0,-0.0,1.0,1.0,1.0,1.0,0.0,9,11,2,0.22
840.0,15.0,1.0,1.0,4.0,2.0,0.0,5.0,4.0,5.0,2.0,4.0,4.0,8.0,1.0,1.0,0.0,0.0,1.0,0.0,0.0,1.0,0.0,0.0,0.0,0.0,1.0,0.0,0.0,1.0,0.0,0.0,0.0,0.0,1.0,0.0,0.0,1.0,-0.0,1.0,1.0,1.0,0.0,1.0,9,10,1,0.11
270.0,19.0,3.0,3.0,1.0,2.0,2.0,4.0,3.0,5.0,3.0,3.0,5.0,15.0,0.0,0.0,1.0,0.0,1.0,0.0,0.0,1.0,0.0,0.0,0.0,0.0,0.0,1.0,0.0,0.0,1.0,0.0,0.0,0.0,0.0,1.0,0.0,1.0,1.0,1.0,1.0,1.0,1.0,0.0,9,8,-1,-0.11
823.0,15.0,2.0,1.0,2.0,1.0,0.0,1.0,3.0,4.0,1.0,1.0,1.0,0.0,1.0,0.0,0.0,1.0,1.0,1.0,0.0,0.0,0.0,0.0,0.0,0.0,1.0,0.0,0.0,0.0,1.0,0.0,0.0,0.0,1.0,0.0,0.0,0.0,-0.0,0.0,1.0,0.0,0.0,0.0,9,10,1,0.11
62.0,16.0,1.0,2.0,1.0,2.0,0.0,4.0,4.0,3.0,1.0,1.0,1.0,4.0,0.0,0.0,1.0,1.0,1.0,0.0,0.0,1.0,0.0,0.0,0.0,0.0,0.0,1.0,0.0,0.0,0.0,0.0,1.0,1.0,0.0,0.0,1.0,0.0,-0.0,1.0,1.0,1.0,1.0,0.0,9,10,1,0.11
963.0,19.0,3.0,2.0,2.0,1.0,3.0,3.0,2.0,1.0,1.0,1.0,3.0,4.0,1.0,1.0,1.0,0.0,1.0,1.0,0.0,0.0,0.0,0.0,0.0,0.0,0.0,1.0,0.0,1.0,0.0,0.0,0.0,0.0,1.0,0.0,0.0,0.0,-0.0,1.0,1.0,1.0,0.0,0.0,9,0,-9,-1.0
127.0,19.0,0.0,1.0,1.0,2.0,3.0,3.0,4.0,2.0,1.0,1.0,5.0,2.0,0.0,0.0,1.0,0.0,1.0,1.0,0.0,0.0,0.0,0.0,0.0,0.0,1.0,0.0,0.0,1.0,0.0,0.0,0.0,0.0,0.0,1.0,0.0,1.0,-0.0,0.0,0.0,0.0,0.0,0.0,9,10,1,0.11
141.0,16.0,2.0,2.0,2.0,1.0,2.0,2.0,3.0,3.0,2.0,2.0,2.0,8.0,0.0,1.0,1.0,1.0,1.0,0.0,0.0,0.0,1.0,0.0,0.0,0.0,0.0,1.0,0.0,0.0,0.0,0.0,1.0,1.0,0.0,0.0,0.0,1.0,-0.0,1.0,1.0,1.0,1.0,0.0,9,15,6,0.67
1030.0,17.0,3.0,1.0,1.0,2.0,0.0,4.0,5.0,4.0,2.0,3.0,1.0,10.0,1.0,0.0,0.0,0.0,1.0,1.0,0.0,0.0,0.0,0.0,0.0,0.0,1.0,0.0,0.0,0.0,0.0,0.0,1.0,0.0,1.0,0.0,0.0,1.0,-0.0,1.0,0.0,1.0,1.0,0.0,9,11,2,0.22
966.0,19.0,2.0,1.0,2.0,1.0,3.0,4.0,4.0,3.0,1.0,3.0,5.0,4.0,1.0,1.0,1.0,0.0,1.0,1.0,0.0,0.0,0.0,0.0,0.0,0.0,1.0,0.0,0.0,1.0,0.0,0.0,0.0,0.0,0.0,1.0,0.0,0.0,-0.0,1.0,0.0,0.0,1.0,1.0,9,8,-1,-0.11
959.0,16.0,3.0,2.0,2.0,1.0,0.0,4.0,5.0,5.0,2.0,3.0,5.0,2.0,1.0,1.0,0.0,0.0,1.0,0.0,0.0,0.0,1.0,0.0,0.0,0.0,1.0,0.0,0.0,1.0,0.0,0.0,0.0,1.0,0.0,0.0,0.0,0.0,-0.0,0.0,1.0,1.0,1.0,0.0,10,11,1,0.1
266.0,17.0,3.0,1.0,1.0,2.0,0.0,5.0,4.0,4.0,3.0,4.0,5.0,2.0,0.0,1.0,1.0,0.0,1.0,0.0,0.0,0.0,1.0,0.0,0.0,0.0,1.0,0.0,0.0,0.0,0.0,1.0,0.0,0.0,1.0,0.0,0.0,0.0,1.0,1.0,1.0,1.0,1.0,1.0,10,10,0,0.0
885.0,18.0,1.0,1.0,2.0,1.0,1.0,3.0,2.0,3.0,1.0,1.0,2.0,4.0,1.0,0.0,0.0,0.0,1.0,1.0,0.0,0.0,0.0,0.0,1.0,0.0,0.0,0.0,0.0,1.0,0.0,0.0,0.0,0.0,1.0,0.0,0.0,0.0,-0.0,0.0,0.0,0.0,1.0,1.0,10,8,-2,-0.2
678.0,16.0,3.0,3.0,3.0,2.0,1.0,5.0,3.0,3.0,1.0,3.0,2.0,4.0,0.0,1.0,1.0,0.0,1.0,1.0,0.0,0.0,0.0,0.0,0.0,0.0,1.0,0.0,0.0,0.0,0.0,0.0,1.0,0.0,0.0,1.0,1.0,1.0,-0.0,0.0,0.0,1.0,1.0,0.0,10,10,0,0.0
484.0,16.0,4.0,4.0,1.0,2.0,0.0,4.0,1.0,3.0,3.0,5.0,5.0,6.0,0.0,1.0,1.0,1.0,0.0,0.0,0.0,0.0,0.0,1.0,0.0,1.0,0.0,0.0,0.0,0.0,0.0,0.0,1.0,0.0,1.0,0.0,0.0,1.0,-0.0,0.0,1.0,1.0,0.0,0.0,10,11,1,0.1
887.0,16.0,2.0,2.0,1.0,2.0,0.0,3.0,3.0,2.0,1.0,1.0,3.0,2.0,1.0,0.0,0.0,0.0,0.0,0.0,1.0,0.0,0.0,0.0,0.0,0.0,1.0,0.0,0.0,1.0,0.0,0.0,0.0,0.0,1.0,0.0,0.0,0.0,-0.0,0.0,0.0,1.0,0.0,1.0,10,13,3,0.3
568.0,16.0,1.0,2.0,2.0,1.0,2.0,4.0,4.0,5.0,3.0,5.0,5.0,0.0,0.0,1.0,1.0,1.0,1.0,0.0,1.0,0.0,0.0,0.0,0.0,0.0,0.0,1.0,0.0,1.0,0.0,0.0,0.0,0.0,1.0,0.0,0.0,0.0,-0.0,0.0,0.0,1.0,1.0,0.0,10,11,1,0.1
535.0,17.0,3.0,4.0,3.0,2.0,0.0,5.0,4.0,5.0,2.0,4.0,5.0,2.0,0.0,1.0,0.0,0.0,1.0,1.0,0.0,0.0,0.0,0.0,0.0,0.0,1.0,0.0,0.0,1.0,0.0,0.0,0.0,0.0,1.0,0.0,0.0,0.0,-0.0,0.0,1.0,1.0,0.0,0.0,10,10,0,0.0
202.0,17.0,1.0,1.0,1.0,2.0,0.0,4.0,4.0,4.0,1.0,3.0,1.0,4.0,0.0,0.0,1.0,0.0,1.0,0.0,0.0,1.0,0.0,0.0,0.0,0.0,1.0,0.0,0.0,1.0,0.0,0.0,0.0,0.0,1.0,0.0,0.0,1.0,1.0,0.0,0.0,1.0,0.0,0.0,10,10,0,0.0
540.0,16.0,3.0,3.0,2.0,1.0,0.0,4.0,3.0,2.0,1.0,1.0,5.0,4.0,0.0,0.0,1.0,0.0,0.0,0.0,0.0,1.0,0.0,0.0,0.0,0.0,1.0,0.0,0.0,1.0,0.0,0.0,0.0,0.0,0.0,1.0,0.0,1.0,-0.0,1.0,0.0,1.0,1.0,1.0,10,12,2,0.2
602.0,16.0,3.0,3.0,1.0,1.0,0.0,4.0,3.0,2.0,3.0,4.0,5.0,0.0,0.0,1.0,0.0,0.0,1.0,0.0,0.0,0.0,1.0,0.0,0.0,0.0,0.0,1.0,0.0,0.0,0.0,0.0,1.0,0.0,1.0,0.0,0.0,1.0,-0.0,1.0,1.0,1.0,1.0,0.0,10,11,1,0.1
598.0,17.0,1.0,2.0,1.0,2.0,0.0,3.0,1.0,3.0,1.0,5.0,3.0,6.0,0.0,1.0,0.0,0.0,1.0,1.0,0.0,0.0,0.0,0.0,0.0,0.0,1.0,0.0,0.0,0.0,1.0,0.0,0.0,0.0,1.0,0.0,0.0,0.0,-0.0,0.0,1.0,1.0,0.0,0.0,10,13,3,0.3
854.0,16.0,1.0,1.0,4.0,3.0,0.0,4.0,4.0,3.0,1.0,1.0,5.0,2.0,1.0,0.0,0.0,0.0,1.0,1.0,0.0,0.0,0.0,0.0,0.0,0.0,1.0,0.0,0.0,0.0,0.0,1.0,0.0,1.0,0.0,0.0,1.0,1.0,-0.0,0.0,1.0,1.0,0.0,0.0,10,10,0,0.0
358.0,18.0,1.0,1.0,2.0,1.0,0.0,3.0,3.0,2.0,1.0,2.0,3.0,4.0,1.0,1.0,1.0,1.0,1.0,0.0,0.0,1.0,0.0,0.0,0.0,0.0,0.0,1.0,0.0,0.0,1.0,0.0,0.0,1.0,0.0,0.0,0.0,0.0,-0.0,0.0,0.0,1.0,1.0,1.0,10,10,0,0.0
189.0,17.0,1.0,2.0,1.0,2.0,0.0,3.0,1.0,3.0,1.0,5.0,3.0,4.0,0.0,1.0,0.0,0.0,1.0,1.0,0.0,0.0,0.0,0.0,0.0,0.0,1.0,0.0,0.0,0.0,1.0,0.0,0.0,0.0,1.0,0.0,0.0,0.0,-0.0,0.0,1.0,1.0,0.0,0.0,10,13,3,0.3
768.0,17.0,2.0,2.0,1.0,3.0,0.0,3.0,3.0,2.0,2.0,2.0,3.0,0.0,0.0,0.0,0.0,1.0,1.0,0.0,0.0,0.0,1.0,0.0,0.0,0.0,0.0,1.0,0.0,1.0,0.0,0.0,0.0,0.0,1.0,0.0,0.0,1.0,-0.0,1.0,1.0,1.0,1.0,0.0,10,12,2,0.2
682.0,17.0,1.0,1.0,2.0,1.0,1.0,4.0,4.0,4.0,1.0,2.0,5.0,0.0,0.0,1.0,1.0,1.0,1.0,0.0,1.0,0.0,0.0,0.0,0.0,0.0,1.0,0.0,0.0,1.0,0.0,0.0,0.0,0.0,1.0,0.0,0.0,1.0,-0.0,1.0,1.0,1.0,1.0,0.0,10,10,0,0.0
884.0,18.0,1.0,1.0,2.0,1.0,1.0,4.0,4.0,3.0,3.0,4.0,4.0,0.0,1.0,1.0,0.0,0.0,1.0,0.0,0.0,1.0,0.0,0.0,0.0,0.0,1.0,0.0,0.0,0.0,1.0,0.0,0.0,0.0,1.0,0.0,0.0,0.0,-0.0,1.0,1.0,0.0,1.0,0.0,10,10,0,0.0
365.0,18.0,1.0,3.0,2.0,2.0,0.0,3.0,3.0,4.0,2.0,4.0,3.0,4.0,1.0,1.0,0.0,0.0,1.0,1.0,0.0,0.0,0.0,0.0,0.0,0.0,1.0,0.0,0.0,1.0,0.0,0.0,0.0,0.0,1.0,0.0,0.0,1.0,1.0,0.0,1.0,1.0,0.0,0.0,10,10,0,0.0
571.0,15.0,1.0,2.0,2.0,1.0,0.0,4.0,4.0,4.0,2.0,4.0,5.0,2.0,0.0,1.0,1.0,1.0,1.0,0.0,0.0,1.0,0.0,0.0,0.0,0.0,1.0,0.0,0.0,1.0,0.0,0.0,0.0,0.0,1.0,0.0,0.0,0.0,-0.0,1.0,1.0,1.0,0.0,0.0,10,12,2,0.2
669.0,17.0,1.0,1.0,1.0,2.0,0.0,4.0,3.0,2.0,1.0,1.0,4.0,10.0,0.0,0.0,1.0,0.0,1.0,1.0,0.0,0.0,0.0,0.0,0.0,0.0,1.0,0.0,0.0,1.0,0.0,0.0,0.0,0.0,1.0,0.0,1.0,0.0,-0.0,0.0,0.0,1.0,0.0,1.0,10,10,0,0.0
344.0,18.0,2.0,3.0,1.0,3.0,0.0,4.0,3.0,3.0,1.0,2.0,3.0,4.0,0.0,0.0,1.0,0.0,1.0,1.0,0.0,0.0,0.0,0.0,0.0,0.0,1.0,0.0,0.0,1.0,0.0,0.0,0.0,0.0,1.0,0.0,0.0,1.0,-0.0,0.0,1.0,1.0,1.0,0.0,10,13,3,0.3
283.0,18.0,1.0,1.0,2.0,2.0,0.0,5.0,4.0,4.0,1.0,1.0,4.0,4.0,0.0,0.0,1.0,0.0,1.0,0.0,0.0,1.0,0.0,0.0,0.0,0.0,1.0,0.0,0.0,0.0,1.0,0.0,0.0,0.0,1.0,0.0,1.0,0.0,-0.0,1.0,1.0,1.0,1.0,0.0,10,10,0,0.0
888.0,17.0,0.0,1.0,2.0,1.0,0.0,2.0,4.0,4.0,3.0,5.0,5.0,5.0,1.0,0.0,1.0,0.0,1.0,0.0,0.0,1.0,0.0,0.0,1.0,0.0,0.0,0.0,0.0,1.0,0.0,0.0,0.0,1.0,0.0,0.0,0.0,0.0,-0.0,1.0,0.0,1.0,0.0,0.0,10,11,1,0.1
471.0,15.0,4.0,-0.0,2.0,4.0,0.0,3.0,4.0,3.0,1.0,1.0,1.0,0.0,0.0,1.0,1.0,0.0,1.0,0.0,0.0,0.0,0.0,1.0,0.0,0.0,1.0,0.0,0.0,1.0,0.0,0.0,0.0,0.0,1.0,0.0,0.0,0.0,-0.0,1.0,1.0,1.0,1.0,0.0,11,14,3,0.27
557.0,15.0,2.0,1.0,4.0,1.0,0.0,4.0,5.0,5.0,2.0,5.0,5.0,0.0,0.0,1.0,1.0,1.0,0.0,0.0,0.0,0.0,1.0,0.0,0.0,0.0,1.0,0.0,0.0,1.0,0.0,0.0,0.0,0.0,1.0,0.0,0.0,0.0,-0.0,0.0,1.0,1.0,1.0,0.0,11,10,-1,-0.09
855.0,15.0,1.0,1.0,2.0,2.0,0.0,4.0,3.0,3.0,1.0,1.0,2.0,1.0,1.0,0.0,0.0,0.0,1.0,1.0,0.0,0.0,0.0,0.0,0.0,0.0,1.0,0.0,0.0,0.0,1.0,0.0,0.0,1.0,0.0,0.0,0.0,1.0,-0.0,1.0,1.0,1.0,1.0,0.0,11,10,-1,-0.09
533.0,15.0,3.0,4.0,4.0,2.0,0.0,5.0,3.0,3.0,1.0,1.0,5.0,2.0,0.0,1.0,0.0,0.0,1.0,1.0,0.0,0.0,0.0,0.0,0.0,0.0,0.0,0.0,1.0,1.0,0.0,0.0,0.0,0.0,1.0,0.0,0.0,1.0,-0.0,0.0,1.0,1.0,0.0,1.0,11,13,2,0.18
561.0,19.0,3.0,2.0,1.0,1.0,0.0,4.0,5.0,4.0,1.0,1.0,4.0,6.0,0.0,1.0,1.0,0.0,1.0,0.0,0.0,0.0,1.0,0.0,1.0,0.0,0.0,0.0,0.0,0.0,1.0,0.0,0.0,0.0,1.0,0.0,0.0,1.0,-0.0,0.0,1.0,0.0,1.0,1.0,11,11,0,0.0
829.0,16.0,2.0,2.0,2.0,4.0,0.0,1.0,2.0,1.0,1.0,1.0,1.0,4.0,1.0,0.0,1.0,1.0,0.0,1.0,0.0,0.0,0.0,0.0,0.0,0.0,1.0,0.0,0.0,0.0,0.0,0.0,1.0,0.0,1.0,0.0,0.0,0.0,-0.0,1.0,0.0,0.0,0.0,1.0,11,12,1,0.09
238.0,17.0,2.0,1.0,3.0,2.0,0.0,2.0,1.0,1.0,1.0,1.0,3.0,2.0,0.0,0.0,0.0,0.0,1.0,1.0,0.0,0.0,0.0,0.0,0.0,0.0,0.0,1.0,0.0,1.0,0.0,0.0,0.0,0.0,1.0,0.0,0.0,0.0,-0.0,1.0,1.0,1.0,0.0,0.0,11,10,-1,-0.09
439.0,16.0,2.0,2.0,2.0,2.0,1.0,4.0,3.0,3.0,2.0,2.0,5.0,14.0,0.0,0.0,1.0,1.0,1.0,0.0,0.0,1.0,0.0,0.0,1.0,0.0,0.0,0.0,0.0,1.0,0.0,0.0,0.0,1.0,0.0,0.0,1.0,0.0,-0.0,1.0,1.0,1.0,1.0,0.0,11,11,0,0.0
880.0,17.0,2.0,2.0,2.0,2.0,0.0,4.0,3.0,5.0,1.0,2.0,4.0,0.0,1.0,0.0,0.0,0.0,1.0,1.0,0.0,0.0,0.0,0.0,0.0,0.0,1.0,0.0,0.0,1.0,0.0,0.0,0.0,0.0,1.0,0.0,0.0,1.0,-0.0,0.0,1.0,1.0,1.0,0.0,11,11,0,0.0
481.0,16.0,2.0,2.0,1.0,2.0,0.0,4.0,3.0,4.0,1.0,2.0,2.0,6.0,0.0,0.0,1.0,1.0,1.0,1.0,0.0,0.0,0.0,0.0,0.0,0.0,1.0,0.0,0.0,1.0,0.0,0.0,0.0,0.0,1.0,0.0,0.0,1.0,-0.0,0.0,1.0,1.0,0.0,0.0,11,11,0,0.0
547.0,16.0,2.0,2.0,2.0,1.0,0.0,2.0,3.0,3.0,2.0,2.0,2.0,4.0,0.0,1.0,1.0,1.0,1.0,0.0,0.0,0.0,1.0,0.0,0.0,0.0,0.0,1.0,0.0,0.0,0.0,0.0,1.0,1.0,0.0,0.0,0.0,1.0,-0.0,1.0,1.0,1.0,1.0,0.0,11,12,1,0.09
422.0,15.0,4.0,2.0,1.0,1.0,0.0,2.0,2.0,4.0,2.0,4.0,1.0,0.0,0.0,1.0,1.0,0.0,1.0,0.0,1.0,0.0,0.0,0.0,0.0,0.0,0.0,1.0,0.0,0.0,0.0,1.0,0.0,0.0,1.0,0.0,0.0,0.0,-0.0,0.0,1.0,1.0,1.0,0.0,11,13,2,0.18
325.0,18.0,4.0,4.0,1.0,3.0,0.0,4.0,3.0,3.0,2.0,2.0,3.0,3.0,0.0,1.0,1.0,0.0,1.0,0.0,0.0,1.0,0.0,0.0,0.0,0.0,1.0,0.0,0.0,1.0,0.0,0.0,0.0,0.0,1.0,0.0,0.0,0.0,-0.0,1.0,1.0,1.0,1.0,0.0,11,14,3,0.27
608.0,16.0,4.0,4.0,1.0,2.0,0.0,4.0,5.0,2.0,1.0,2.0,3.0,0.0,0.0,0.0,1.0,1.0,1.0,0.0,0.0,0.0,0.0,1.0,0.0,0.0,0.0,0.0,1.0,0.0,0.0,0.0,1.0,0.0,1.0,0.0,0.0,1.0,-0.0,0.0,1.0,1.0,1.0,0.0,11,14,3,0.27
105.0,15.0,3.0,3.0,1.0,4.0,0.0,4.0,3.0,3.0,1.0,1.0,4.0,10.0,0.0,0.0,1.0,0.0,0.0,0.0,0.0,1.0,0.0,0.0,0.0,1.0,0.0,0.0,0.0,0.0,0.0,0.0,1.0,1.0,0.0,0.0,1.0,0.0,-0.0,0.0,1.0,1.0,0.0,0.0,11,10,-1,-0.09
531.0,16.0,2.0,1.0,4.0,1.0,0.0,3.0,2.0,1.0,1.0,1.0,2.0,4.0,0.0,1.0,1.0,0.0,1.0,1.0,0.0,0.0,0.0,0.0,0.0,0.0,1.0,0.0,0.0,1.0,0.0,0.0,0.0,0.0,1.0,0.0,0.0,0.0,-0.0,0.0,1.0,1.0,0.0,0.0,11,13,2,0.18
859.0,16.0,1.0,1.0,2.0,1.0,0.0,3.0,4.0,4.0,3.0,4.0,5.0,6.0,1.0,1.0,0.0,0.0,1.0,1.0,0.0,0.0,0.0,0.0,0.0,0.0,1.0,0.0,0.0,0.0,0.0,1.0,0.0,1.0,0.0,0.0,0.0,0.0,-0.0,1.0,1.0,1.0,0.0,0.0,11,10,-1,-0.09
519.0,16.0,2.0,2.0,1.0,2.0,0.0,5.0,4.0,4.0,1.0,1.0,5.0,0.0,0.0,0.0,1.0,0.0,1.0,0.0,0.0,1.0,0.0,0.0,0.0,0.0,1.0,0.0,0.0,0.0,1.0,0.0,0.0,0.0,1.0,0.0,0.0,0.0,-0.0,0.0,1.0,1.0,1.0,1.0,11,13,2,0.18
951.0,16.0,1.0,2.0,1.0,1.0,0.0,4.0,4.0,4.0,2.0,4.0,5.0,4.0,1.0,1.0,0.0,1.0,1.0,0.0,0.0,1.0,0.0,0.0,1.0,0.0,0.0,0.0,0.0,1.0,0.0,0.0,0.0,0.0,1.0,0.0,0.0,0.0,-0.0,0.0,1.0,1.0,0.0,0.0,11,12,1,0.09
629.0,17.0,2.0,1.0,2.0,2.0,0.0,4.0,2.0,5.0,1.0,2.0,5.0,0.0,0.0,0.0,0.0,0.0,1.0,1.0,0.0,0.0,0.0,0.0,0.0,0.0,0.0,1.0,0.0,0.0,0.0,0.0,1.0,0.0,1.0,0.0,0.0,1.0,-0.0,1.0,1.0,1.0,1.0,0.0,11,11,0,0.0
147.0,15.0,1.0,2.0,1.0,2.0,0.0,4.0,3.0,2.0,1.0,1.0,5.0,2.0,0.0,0.0,1.0,0.0,1.0,1.0,0.0,0.0,0.0,0.0,0.0,0.0,1.0,0.0,0.0,1.0,0.0,0.0,0.0,0.0,1.0,0.0,0.0,1.0,1.0,0.0,0.0,1.0,1.0,0.0,11,11,0,0.0
285.0,17.0,1.0,1.0,1.0,2.0,0.0,4.0,3.0,3.0,1.0,2.0,4.0,2.0,0.0,1.0,1.0,0.0,1.0,0.0,0.0,1.0,0.0,0.0,0.0,0.0,1.0,0.0,0.0,0.0,0.0,0.0,1.0,1.0,0.0,0.0,0.0,0.0,1.0,0.0,0.0,1.0,1.0,0.0,11,11,0,0.0
532.0,16.0,2.0,2.0,1.0,1.0,1.0,5.0,3.0,4.0,1.0,1.0,5.0,12.0,0.0,0.0,1.0,0.0,0.0,0.0,0.0,1.0,0.0,0.0,0.0,0.0,1.0,0.0,0.0,0.0,1.0,0.0,0.0,0.0,1.0,0.0,0.0,0.0,-0.0,0.0,1.0,1.0,0.0,0.0,11,13,2,0.18
636.0,17.0,2.0,3.0,1.0,2.0,0.0,5.0,3.0,3.0,1.0,3.0,3.0,0.0,0.0,1.0,1.0,1.0,1.0,0.0,0.0,0.0,1.0,0.0,0.0,0.0,0.0,1.0,0.0,0.0,0.0,0.0,1.0,1.0,0.0,0.0,0.0,1.0,-0.0,0.0,0.0,1.0,1.0,0.0,11,12,1,0.09
267.0,18.0,4.0,4.0,2.0,2.0,0.0,4.0,3.0,4.0,2.0,2.0,4.0,8.0,0.0,0.0,0.0,0.0,1.0,0.0,0.0,0.0,0.0,1.0,0.0,0.0,1.0,0.0,0.0,0.0,0.0,0.0,1.0,0.0,1.0,0.0,0.0,0.0,1.0,1.0,1.0,1.0,1.0,0.0,11,10,-1,-0.09
521.0,15.0,3.0,4.0,1.0,2.0,0.0,5.0,3.0,2.0,1.0,1.0,1.0,0.0,0.0,0.0,1.0,1.0,0.0,0.0,0.0,1.0,0.0,0.0,0.0,0.0,1.0,0.0,0.0,0.0,1.0,0.0,0.0,0.0,1.0,0.0,1.0,0.0,-0.0,1.0,1.0,1.0,1.0,1.0,11,11,0,0.0
686.0,18.0,2.0,1.0,3.0,2.0,1.0,4.0,4.0,5.0,4.0,4.0,5.0,4.0,0.0,1.0,1.0,1.0,1.0,0.0,0.0,0.0,1.0,0.0,0.0,0.0,1.0,0.0,0.0,1.0,0.0,0.0,0.0,0.0,1.0,0.0,0.0,0.0,-0.0,1.0,0.0,0.0,1.0,0.0,11,8,-3,-0.27
933.0,16.0,2.0,2.0,1.0,3.0,0.0,4.0,3.0,3.0,2.0,2.0,5.0,2.0,1.0,0.0,0.0,1.0,1.0,0.0,0.0,1.0,0.0,0.0,0.0,0.0,1.0,0.0,0.0,1.0,0.0,0.0,0.0,0.0,1.0,0.0,0.0,1.0,-0.0,0.0,0.0,1.0,0.0,1.0,11,11,0,0.0
340.0,19.0,2.0,1.0,1.0,3.0,1.0,4.0,3.0,4.0,1.0,3.0,3.0,4.0,0.0,0.0,1.0,0.0,1.0,0.0,0.0,0.0,1.0,0.0,0.0,0.0,0.0,1.0,0.0,0.0,1.0,0.0,0.0,0.0,0.0,1.0,0.0,0.0,1.0,1.0,1.0,1.0,1.0,1.0,11,15,4,0.36
491.0,16.0,4.0,3.0,2.0,1.0,0.0,3.0,3.0,3.0,1.0,1.0,4.0,6.0,0.0,1.0,0.0,0.0,1.0,0.0,0.0,0.0,1.0,0.0,0.0,0.0,1.0,0.0,0.0,0.0,0.0,0.0,1.0,0.0,1.0,0.0,1.0,1.0,1.0,1.0,0.0,1.0,1.0,0.0,11,11,0,0.0
312.0,19.0,1.0,2.0,1.0,2.0,1.0,4.0,5.0,2.0,2.0,2.0,4.0,3.0,0.0,1.0,1.0,0.0,1.0,0.0,0.0,1.0,0.0,0.0,0.0,0.0,0.0,1.0,0.0,1.0,0.0,0.0,0.0,0.0,0.0,1.0,0.0,0.0,-0.0,0.0,0.0,1.0,1.0,0.0,11,8,-3,-0.27
672.0,17.0,1.0,1.0,1.0,2.0,0.0,4.0,3.0,4.0,1.0,2.0,5.0,4.0,0.0,0.0,1.0,0.0,1.0,0.0,0.0,1.0,0.0,0.0,0.0,0.0,0.0,1.0,0.0,1.0,0.0,0.0,0.0,1.0,0.0,0.0,0.0,1.0,-0.0,0.0,1.0,1.0,0.0,0.0,11,11,0,0.0
696.0,18.0,4.0,3.0,1.0,2.0,0.0,4.0,3.0,2.0,1.0,1.0,3.0,2.0,0.0,1.0,1.0,0.0,1.0,0.0,0.0,0.0,0.0,1.0,0.0,0.0,1.0,0.0,0.0,1.0,0.0,0.0,0.0,0.0,1.0,0.0,0.0,1.0,-0.0,0.0,0.0,1.0,1.0,0.0,11,14,3,0.27
272.0,18.0,1.0,1.0,2.0,2.0,0.0,4.0,4.0,3.0,1.0,1.0,3.0,2.0,0.0,0.0,1.0,1.0,1.0,0.0,0.0,1.0,0.0,0.0,0.0,0.0,1.0,0.0,0.0,0.0,1.0,0.0,0.0,0.0,1.0,0.0,0.0,1.0,1.0,0.0,0.0,1.0,0.0,0.0,11,10,-1,-0.09
13.0,15.0,4.0,3.0,2.0,2.0,0.0,5.0,4.0,3.0,1.0,2.0,3.0,2.0,0.0,1.0,1.0,0.0,1.0,0.0,0.0,0.0,0.0,1.0,0.0,0.0,1.0,0.0,0.0,1.0,0.0,0.0,0.0,0.0,1.0,0.0,0.0,1.0,1.0,0.0,1.0,1.0,1.0,0.0,11,10,-1,-0.09
354.0,17.0,4.0,3.0,2.0,2.0,0.0,4.0,5.0,5.0,1.0,3.0,2.0,4.0,1.0,1.0,0.0,0.0,1.0,0.0,0.0,0.0,1.0,0.0,0.0,0.0,1.0,0.0,0.0,0.0,1.0,0.0,0.0,0.0,1.0,0.0,0.0,1.0,1.0,1.0,0.0,1.0,1.0,1.0,11,11,0,0.0
764.0,19.0,1.0,1.0,3.0,3.0,0.0,1.0,5.0,5.0,4.0,3.0,5.0,12.0,0.0,0.0,1.0,0.0,1.0,0.0,0.0,1.0,0.0,0.0,0.0,0.0,1.0,0.0,0.0,1.0,0.0,0.0,0.0,0.0,0.0,1.0,0.0,0.0,-0.0,1.0,1.0,0.0,0.0,1.0,11,8,-3,-0.27
395.0,18.0,4.0,4.0,2.0,2.0,0.0,4.0,3.0,4.0,1.0,1.0,3.0,4.0,0.0,0.0,1.0,0.0,0.0,1.0,0.0,0.0,0.0,0.0,0.0,0.0,0.0,0.0,1.0,1.0,0.0,0.0,0.0,0.0,1.0,0.0,1.0,0.0,-0.0,0.0,1.0,1.0,0.0,0.0,11,10,-1,-0.09
589.0,16.0,4.0,3.0,1.0,2.0,0.0,3.0,4.0,3.0,2.0,3.0,3.0,4.0,0.0,1.0,1.0,0.0,1.0,0.0,0.0,0.0,0.0,1.0,0.0,0.0,1.0,0.0,0.0,0.0,1.0,0.0,0.0,0.0,1.0,0.0,0.0,1.0,1.0,1.0,1.0,1.0,1.0,0.0,11,10,-1,-0.09
937.0,16.0,4.0,4.0,2.0,3.0,0.0,5.0,3.0,5.0,1.0,4.0,5.0,1.0,1.0,0.0,1.0,0.0,1.0,0.0,0.0,0.0,0.0,1.0,0.0,0.0,0.0,1.0,0.0,1.0,0.0,0.0,0.0,0.0,1.0,0.0,0.0,1.0,-0.0,0.0,1.0,1.0,1.0,1.0,12,11,-1,-0.08
434.0,15.0,2.0,2.0,1.0,1.0,0.0,4.0,3.0,1.0,1.0,1.0,2.0,8.0,0.0,0.0,0.0,0.0,1.0,1.0,0.0,0.0,0.0,0.0,0.0,0.0,1.0,0.0,0.0,0.0,0.0,0.0,1.0,0.0,1.0,0.0,1.0,1.0,-0.0,1.0,1.0,1.0,0.0,0.0,12,13,1,0.08
694.0,20.0,2.0,1.0,2.0,2.0,0.0,1.0,2.0,3.0,1.0,2.0,2.0,8.0,0.0,0.0,0.0,0.0,1.0,0.0,0.0,1.0,0.0,0.0,0.0,0.0,1.0,0.0,0.0,1.0,0.0,0.0,0.0,0.0,0.0,1.0,0.0,1.0,1.0,1.0,1.0,0.0,1.0,1.0,12,8,-4,-0.33
784.0,18.0,2.0,2.0,1.0,2.0,0.0,4.0,3.0,3.0,1.0,1.0,2.0,0.0,0.0,0.0,1.0,1.0,1.0,0.0,0.0,1.0,0.0,0.0,0.0,0.0,1.0,0.0,0.0,0.0,1.0,0.0,0.0,0.0,0.0,1.0,0.0,0.0,-0.0,1.0,0.0,1.0,1.0,1.0,12,10,-2,-0.17
421.0,15.0,2.0,2.0,1.0,1.0,0.0,4.0,2.0,2.0,1.0,2.0,5.0,8.0,0.0,1.0,1.0,0.0,1.0,0.0,0.0,1.0,0.0,0.0,0.0,0.0,1.0,0.0,0.0,0.0,1.0,0.0,0.0,0.0,1.0,0.0,0.0,1.0,-0.0,0.0,1.0,1.0,1.0,0.0,12,13,1,0.08
551.0,15.0,1.0,1.0,1.0,2.0,0.0,4.0,4.0,2.0,1.0,2.0,5.0,0.0,0.0,0.0,1.0,0.0,1.0,0.0,0.0,1.0,0.0,0.0,0.0,0.0,0.0,1.0,0.0,1.0,0.0,0.0,0.0,1.0,0.0,0.0,0.0,1.0,-0.0,0.0,1.0,1.0,1.0,0.0,12,11,-1,-0.08
525.0,15.0,3.0,4.0,2.0,3.0,0.0,4.0,2.0,2.0,2.0,2.0,5.0,0.0,0.0,0.0,0.0,0.0,1.0,0.0,0.0,0.0,1.0,0.0,0.0,0.0,0.0,0.0,1.0,1.0,0.0,0.0,0.0,1.0,0.0,0.0,0.0,1.0,-0.0,0.0,1.0,1.0,1.0,1.0,12,13,1,0.08
932.0,15.0,2.0,1.0,1.0,1.0,0.0,4.0,3.0,3.0,1.0,2.0,5.0,11.0,1.0,1.0,1.0,1.0,0.0,0.0,0.0,0.0,1.0,0.0,0.0,0.0,0.0,1.0,0.0,1.0,0.0,0.0,0.0,0.0,1.0,0.0,0.0,0.0,-0.0,1.0,1.0,1.0,1.0,0.0,12,10,-2,-0.17
783.0,18.0,3.0,3.0,1.0,2.0,0.0,5.0,3.0,4.0,1.0,1.0,4.0,8.0,0.0,0.0,1.0,0.0,1.0,0.0,0.0,0.0,1.0,0.0,0.0,0.0,0.0,1.0,0.0,0.0,1.0,0.0,0.0,0.0,1.0,0.0,0.0,0.0,-0.0,1.0,1.0,1.0,1.0,0.0,12,13,1,0.08
1009.0,17.0,4.0,4.0,2.0,2.0,0.0,4.0,3.0,3.0,1.0,2.0,5.0,2.0,1.0,0.0,0.0,0.0,1.0,0.0,0.0,0.0,0.0,1.0,0.0,0.0,0.0,1.0,0.0,0.0,0.0,1.0,0.0,1.0,0.0,0.0,0.0,1.0,1.0,1.0,1.0,1.0,1.0,0.0,12,10,-2,-0.17
529.0,17.0,2.0,2.0,1.0,1.0,0.0,3.0,4.0,4.0,1.0,3.0,5.0,2.0,0.0,0.0,1.0,1.0,1.0,0.0,0.0,1.0,0.0,0.0,0.0,0.0,1.0,0.0,0.0,1.0,0.0,0.0,0.0,1.0,0.0,0.0,0.0,1.0,-0.0,0.0,1.0,1.0,1.0,1.0,12,12,0,0.0
1002.0,17.0,2.0,1.0,2.0,2.0,0.0,5.0,3.0,3.0,1.0,2.0,2.0,5.0,1.0,0.0,0.0,1.0,0.0,0.0,0.0,0.0,1.0,0.0,0.0,0.0,1.0,0.0,0.0,0.0,0.0,0.0,1.0,0.0,1.0,0.0,0.0,0.0,-0.0,1.0,1.0,1.0,1.0,1.0,12,10,-2,-0.17
680.0,16.0,2.0,1.0,2.0,1.0,0.0,3.0,3.0,2.0,1.0,3.0,3.0,2.0,0.0,1.0,0.0,0.0,1.0,0.0,0.0,1.0,0.0,0.0,0.0,0.0,1.0,0.0,0.0,1.0,0.0,0.0,0.0,0.0,1.0,0.0,0.0,0.0,-0.0,1.0,0.0,1.0,0.0,0.0,12,12,0,0.0
308.0,19.0,3.0,3.0,1.0,2.0,1.0,4.0,5.0,3.0,1.0,2.0,5.0,0.0,0.0,1.0,0.0,0.0,1.0,0.0,0.0,1.0,0.0,0.0,0.0,0.0,0.0,1.0,0.0,0.0,0.0,0.0,1.0,1.0,0.0,0.0,0.0,0.0,-0.0,1.0,1.0,1.0,0.0,1.0,12,0,-12,-1.0
666.0,17.0,4.0,4.0,1.0,2.0,0.0,5.0,3.0,1.0,1.0,4.0,5.0,2.0,0.0,0.0,1.0,0.0,1.0,0.0,0.0,0.0,0.0,1.0,0.0,0.0,0.0,1.0,0.0,1.0,0.0,0.0,0.0,0.0,1.0,0.0,0.0,1.0,1.0,0.0,1.0,1.0,1.0,1.0,12,11,-1,-0.08
858.0,15.0,2.0,2.0,1.0,3.0,0.0,4.0,4.0,3.0,2.0,2.0,5.0,2.0,1.0,0.0,0.0,1.0,1.0,0.0,0.0,1.0,0.0,0.0,0.0,0.0,1.0,0.0,0.0,0.0,0.0,1.0,0.0,1.0,0.0,0.0,1.0,1.0,-0.0,0.0,1.0,1.0,0.0,0.0,12,11,-1,-0.08
416.0,15.0,4.0,4.0,1.0,1.0,0.0,5.0,4.0,2.0,1.0,1.0,5.0,0.0,0.0,1.0,1.0,0.0,1.0,0.0,1.0,0.0,0.0,0.0,0.0,1.0,0.0,0.0,0.0,0.0,0.0,1.0,0.0,1.0,0.0,0.0,0.0,1.0,1.0,0.0,1.0,1.0,1.0,0.0,12,15,3,0.25
479.0,15.0,1.0,1.0,1.0,2.0,0.0,4.0,3.0,2.0,2.0,3.0,4.0,2.0,0.0,0.0,1.0,0.0,1.0,0.0,0.0,1.0,0.0,0.0,0.0,0.0,1.0,0.0,0.0,0.0,1.0,0.0,0.0,1.0,0.0,0.0,0.0,1.0,-0.0,1.0,0.0,1.0,1.0,0.0,12,11,-1,-0.08
833.0,17.0,2.0,3.0,2.0,1.0,0.0,5.0,5.0,5.0,1.0,3.0,3.0,2.0,1.0,0.0,0.0,0.0,1.0,0.0,0.0,1.0,0.0,0.0,0.0,0.0,1.0,0.0,0.0,1.0,0.0,0.0,0.0,0.0,1.0,0.0,0.0,1.0,-0.0,0.0,1.0,1.0,1.0,0.0,12,11,-1,-0.08
1023.0,17.0,2.0,2.0,1.0,3.0,0.0,3.0,4.0,3.0,1.0,1.0,3.0,8.0,1.0,0.0,1.0,0.0,1.0,0.0,0.0,1.0,0.0,0.0,1.0,0.0,0.0,0.0,0.0,0.0,1.0,0.0,0.0,0.0,1.0,0.0,0.0,0.0,-0.0,1.0,1.0,1.0,0.0,1.0,12,12,0,0.0
697.0,18.0,3.0,2.0,1.0,3.0,0.0,5.0,3.0,2.0,1.0,1.0,3.0,2.0,0.0,1.0,0.0,0.0,1.0,0.0,0.0,1.0,0.0,0.0,0.0,0.0,1.0,0.0,0.0,1.0,0.0,0.0,0.0,0.0,1.0,0.0,0.0,0.0,-0.0,1.0,0.0,1.0,0.0,0.0,12,13,1,0.08
797.0,17.0,4.0,3.0,1.0,3.0,0.0,4.0,4.0,3.0,1.0,3.0,4.0,0.0,0.0,0.0,1.0,0.0,1.0,0.0,1.0,0.0,0.0,0.0,0.0,0.0,1.0,0.0,0.0,0.0,0.0,0.0,1.0,0.0,1.0,0.0,0.0,1.0,-0.0,1.0,1.0,1.0,1.0,1.0,13,14,1,0.08
950.0,16.0,1.0,2.0,1.0,3.0,0.0,4.0,3.0,4.0,1.0,1.0,3.0,5.0,1.0,0.0,0.0,0.0,1.0,0.0,0.0,1.0,0.0,0.0,0.0,0.0,1.0,0.0,0.0,0.0,1.0,0.0,0.0,1.0,0.0,0.0,1.0,1.0,-0.0,0.0,0.0,1.0,1.0,1.0,13,10,-3,-0.23
647.0,16.0,4.0,1.0,1.0,2.0,0.0,5.0,3.0,3.0,1.0,2.0,5.0,0.0,0.0,0.0,1.0,0.0,0.0,0.0,0.0,1.0,0.0,0.0,0.0,0.0,1.0,0.0,0.0,0.0,1.0,0.0,0.0,0.0,1.0,0.0,0.0,0.0,-0.0,1.0,1.0,1.0,1.0,1.0,13,10,-3,-0.23
143.0,16.0,1.0,1.0,1.0,1.0,0.0,3.0,4.0,4.0,3.0,3.0,1.0,2.0,0.0,0.0,1.0,1.0,1.0,1.0,0.0,0.0,0.0,0.0,1.0,0.0,0.0,0.0,0.0,1.0,0.0,0.0,0.0,0.0,1.0,0.0,0.0,0.0,-0.0,0.0,1.0,1.0,1.0,0.0,13,10,-3,-0.23
641.0,17.0,4.0,4.0,1.0,2.0,0.0,4.0,5.0,5.0,1.0,3.0,2.0,0.0,0.0,1.0,1.0,0.0,1.0,0.0,0.0,0.0,0.0,1.0,0.0,0.0,0.0,0.0,1.0,0.0,0.0,0.0,1.0,0.0,1.0,0.0,1.0,1.0,-0.0,1.0,1.0,1.0,1.0,1.0,13,14,1,0.08
311.0,19.0,2.0,1.0,3.0,2.0,0.0,3.0,4.0,1.0,1.0,1.0,2.0,20.0,0.0,0.0,1.0,0.0,1.0,1.0,0.0,0.0,0.0,0.0,0.0,0.0,1.0,0.0,0.0,0.0,0.0,1.0,0.0,0.0,0.0,1.0,0.0,1.0,-0.0,0.0,1.0,0.0,1.0,1.0,13,10,-3,-0.23
472.0,16.0,2.0,2.0,1.0,4.0,0.0,5.0,2.0,3.0,1.0,3.0,3.0,1.0,0.0,0.0,1.0,0.0,1.0,0.0,0.0,1.0,0.0,0.0,0.0,0.0,1.0,0.0,0.0,0.0,0.0,0.0,1.0,0.0,1.0,0.0,0.0,0.0,-0.0,0.0,1.0,1.0,1.0,1.0,13,13,0,0.0
801.0,17.0,3.0,1.0,1.0,1.0,1.0,4.0,1.0,2.0,1.0,1.0,3.0,6.0,0.0,0.0,1.0,0.0,1.0,0.0,0.0,1.0,0.0,0.0,1.0,0.0,0.0,0.0,0.0,0.0,1.0,0.0,0.0,0.0,1.0,0.0,0.0,1.0,1.0,0.0,1.0,1.0,1.0,1.0,13,15,2,0.15
356.0,17.0,4.0,4.0,2.0,2.0,0.0,4.0,3.0,3.0,1.0,2.0,5.0,4.0,1.0,0.0,0.0,0.0,1.0,0.0,0.0,0.0,0.0,1.0,0.0,0.0,0.0,1.0,0.0,0.0,0.0,1.0,0.0,1.0,0.0,0.0,0.0,1.0,1.0,1.0,1.0,1.0,1.0,0.0,13,10,-3,-0.23
546.0,16.0,4.0,4.0,1.0,3.0,0.0,5.0,3.0,3.0,1.0,3.0,5.0,0.0,0.0,1.0,1.0,0.0,1.0,0.0,0.0,0.0,1.0,0.0,0.0,0.0,0.0,1.0,0.0,1.0,0.0,0.0,0.0,0.0,1.0,0.0,0.0,1.0,-0.0,1.0,1.0,1.0,1.0,0.0,13,13,0,0.0
640.0,17.0,2.0,2.0,2.0,2.0,0.0,4.0,5.0,2.0,1.0,1.0,1.0,0.0,0.0,1.0,0.0,0.0,1.0,0.0,0.0,1.0,0.0,0.0,0.0,0.0,1.0,0.0,0.0,1.0,0.0,0.0,0.0,1.0,0.0,0.0,0.0,1.0,-0.0,1.0,1.0,1.0,1.0,0.0,13,11,-2,-0.15
853.0,16.0,1.0,1.0,4.0,4.0,0.0,4.0,3.0,2.0,1.0,1.0,1.0,0.0,1.0,0.0,0.0,0.0,1.0,0.0,0.0,1.0,0.0,0.0,0.0,0.0,1.0,0.0,0.0,0.0,1.0,0.0,0.0,1.0,0.0,0.0,0.0,1.0,-0.0,0.0,0.0,1.0,1.0,0.0,13,10,-3,-0.23
404.0,15.0,3.0,4.0,1.0,2.0,0.0,5.0,5.0,1.0,1.0,1.0,5.0,0.0,0.0,1.0,1.0,0.0,1.0,0.0,0.0,1.0,0.0,0.0,0.0,0.0,1.0,0.0,0.0,0.0,1.0,0.0,0.0,0.0,1.0,0.0,0.0,1.0,-0.0,1.0,1.0,1.0,1.0,0.0,13,13,0,0.0
599.0,16.0,2.0,3.0,1.0,2.0,0.0,4.0,3.0,3.0,1.0,1.0,2.0,6.0,0.0,0.0,1.0,0.0,1.0,0.0,0.0,0.0,1.0,0.0,0.0,0.0,0.0,1.0,0.0,1.0,0.0,0.0,0.0,0.0,1.0,0.0,0.0,0.0,-0.0,0.0,1.0,1.0,1.0,0.0,13,12,-1,-0.08
443.0,15.0,4.0,2.0,1.0,2.0,0.0,4.0,3.0,3.0,2.0,2.0,5.0,4.0,0.0,1.0,1.0,0.0,1.0,0.0,0.0,0.0,0.0,1.0,0.0,0.0,1.0,0.0,0.0,0.0,1.0,0.0,0.0,0.0,1.0,0.0,0.0,1.0,-0.0,0.0,1.0,1.0,0.0,0.0,13,14,1,0.08
767.0,17.0,2.0,2.0,1.0,2.0,0.0,4.0,2.0,2.0,1.0,1.0,3.0,4.0,0.0,0.0,1.0,0.0,1.0,0.0,0.0,1.0,0.0,0.0,0.0,0.0,1.0,0.0,0.0,1.0,0.0,0.0,0.0,0.0,1.0,0.0,0.0,1.0,-0.0,0.0,1.0,1.0,0.0,1.0,13,13,0,0.0
536.0,16.0,1.0,1.0,4.0,2.0,0.0,5.0,1.0,3.0,1.0,1.0,3.0,0.0,0.0,0.0,0.0,0.0,1.0,1.0,0.0,0.0,0.0,0.0,0.0,0.0,1.0,0.0,0.0,1.0,0.0,0.0,0.0,0.0,1.0,0.0,0.0,1.0,-0.0,0.0,1.0,1.0,0.0,0.0,13,13,0,0.0
119.0,15.0,3.0,4.0,1.0,1.0,0.0,3.0,4.0,3.0,1.0,2.0,4.0,6.0,0.0,1.0,1.0,0.0,1.0,0.0,0.0,1.0,0.0,0.0,0.0,0.0,1.0,0.0,0.0,0.0,0.0,0.0,1.0,1.0,0.0,0.0,0.0,0.0,-0.0,0.0,1.0,1.0,1.0,0.0,13,11,-2,-0.15
704.0,18.0,4.0,2.0,1.0,2.0,0.0,5.0,4.0,5.0,1.0,3.0,5.0,4.0,0.0,1.0,1.0,0.0,1.0,0.0,1.0,0.0,0.0,0.0,0.0,0.0,1.0,0.0,0.0,0.0,0.0,0.0,1.0,1.0,0.0,0.0,0.0,1.0,-0.0,1.0,1.0,1.0,1.0,1.0,14,14,0,0.0
771.0,18.0,1.0,1.0,2.0,3.0,0.0,4.0,5.0,5.0,1.0,2.0,2.0,0.0,0.0,0.0,1.0,0.0,1.0,0.0,0.0,1.0,0.0,0.0,0.0,0.0,1.0,0.0,0.0,0.0,1.0,0.0,0.0,0.0,1.0,0.0,0.0,0.0,-0.0,1.0,1.0,1.0,1.0,0.0,14,10,-4,-0.29
398.0,15.0,4.0,2.0,1.0,3.0,0.0,3.0,2.0,2.0,1.0,1.0,5.0,0.0,0.0,0.0,1.0,0.0,1.0,0.0,1.0,0.0,0.0,0.0,0.0,0.0,0.0,1.0,0.0,0.0,1.0,0.0,0.0,0.0,1.0,0.0,0.0,1.0,-0.0,1.0,1.0,1.0,1.0,1.0,14,15,1,0.07
94.0,15.0,2.0,2.0,1.0,4.0,0.0,4.0,3.0,4.0,1.0,1.0,4.0,6.0,0.0,1.0,1.0,1.0,1.0,0.0,0.0,0.0,1.0,0.0,0.0,1.0,0.0,0.0,0.0,0.0,0.0,0.0,1.0,0.0,1.0,0.0,0.0,1.0,-0.0,1.0,1.0,1.0,1.0,0.0,14,11,-3,-0.21
510.0,16.0,4.0,4.0,1.0,2.0,0.0,5.0,4.0,4.0,1.0,2.0,5.0,6.0,0.0,1.0,1.0,0.0,1.0,0.0,0.0,0.0,0.0,1.0,0.0,0.0,0.0,0.0,1.0,1.0,0.0,0.0,0.0,1.0,0.0,0.0,0.0,1.0,-0.0,1.0,1.0,1.0,1.0,0.0,14,14,0,0.0
116.0,15.0,4.0,4.0,2.0,2.0,0.0,4.0,4.0,3.0,1.0,1.0,2.0,2.0,0.0,1.0,1.0,0.0,1.0,0.0,0.0,1.0,0.0,0.0,0.0,0.0,0.0,0.0,1.0,0.0,0.0,0.0,1.0,1.0,0.0,0.0,0.0,1.0,-0.0,1.0,1.0,1.0,0.0,0.0,14,14,0,0.0
431.0,15.0,4.0,3.0,1.0,3.0,0.0,5.0,4.0,3.0,1.0,1.0,4.0,0.0,0.0,1.0,1.0,1.0,1.0,0.0,0.0,0.0,0.0,1.0,0.0,0.0,0.0,1.0,0.0,0.0,1.0,0.0,0.0,0.0,1.0,0.0,0.0,1.0,-0.0,1.0,1.0,1.0,1.0,0.0,14,14,0,0.0
921.0,17.0,4.0,1.0,1.0,1.0,0.0,4.0,2.0,3.0,1.0,2.0,5.0,1.0,1.0,0.0,0.0,0.0,1.0,0.0,0.0,1.0,0.0,0.0,0.0,0.0,1.0,0.0,0.0,0.0,0.0,1.0,0.0,0.0,1.0,0.0,0.0,0.0,-0.0,0.0,1.0,1.0,1.0,1.0,14,11,-3,-0.21
1011.0,18.0,1.0,1.0,2.0,1.0,0.0,3.0,3.0,2.0,1.0,2.0,3.0,2.0,1.0,1.0,1.0,1.0,1.0,0.0,0.0,1.0,0.0,0.0,0.0,0.0,0.0,1.0,0.0,0.0,1.0,0.0,0.0,1.0,0.0,0.0,0.0,0.0,-0.0,0.0,0.0,1.0,1.0,1.0,14,10,-4,-0.29
585.0,16.0,2.0,2.0,2.0,2.0,0.0,3.0,4.0,4.0,1.0,4.0,5.0,0.0,0.0,0.0,1.0,0.0,1.0,0.0,0.0,0.0,1.0,0.0,0.0,0.0,1.0,0.0,0.0,0.0,0.0,0.0,1.0,0.0,1.0,0.0,0.0,0.0,-0.0,1.0,0.0,1.0,1.0,0.0,14,15,1,0.07
502.0,16.0,3.0,3.0,1.0,3.0,0.0,5.0,3.0,3.0,1.0,1.0,5.0,4.0,0.0,1.0,1.0,0.0,1.0,0.0,0.0,0.0,1.0,0.0,0.0,0.0,1.0,0.0,0.0,0.0,1.0,0.0,0.0,1.0,0.0,0.0,0.0,1.0,-0.0,1.0,1.0,1.0,1.0,0.0,14,13,-1,-0.07
891.0,16.0,1.0,1.0,1.0,1.0,0.0,4.0,4.0,4.0,2.0,2.0,4.0,2.0,1.0,0.0,0.0,1.0,1.0,0.0,0.0,0.0,1.0,0.0,0.0,0.0,0.0,1.0,0.0,0.0,1.0,0.0,0.0,0.0,1.0,0.0,0.0,1.0,-0.0,1.0,1.0,1.0,1.0,1.0,14,10,-4,-0.29
660.0,17.0,1.0,1.0,2.0,3.0,0.0,4.0,3.0,3.0,1.0,3.0,5.0,4.0,0.0,0.0,0.0,1.0,1.0,1.0,0.0,0.0,0.0,0.0,0.0,0.0,1.0,0.0,0.0,1.0,0.0,0.0,0.0,0.0,1.0,0.0,0.0,0.0,-0.0,1.0,1.0,1.0,1.0,0.0,15,10,-5,-0.33
523.0,16.0,4.0,4.0,1.0,1.0,0.0,3.0,5.0,5.0,2.0,5.0,4.0,8.0,0.0,1.0,0.0,0.0,1.0,0.0,0.0,0.0,0.0,1.0,0.0,0.0,0.0,0.0,1.0,1.0,0.0,0.0,0.0,0.0,1.0,0.0,0.0,0.0,-0.0,1.0,1.0,1.0,1.0,0.0,15,11,-4,-0.27
195.0,17.0,2.0,4.0,1.0,2.0,0.0,4.0,3.0,2.0,1.0,1.0,5.0,0.0,0.0,0.0,1.0,1.0,1.0,0.0,0.0,0.0,1.0,0.0,0.0,0.0,0.0,1.0,0.0,1.0,0.0,0.0,0.0,1.0,0.0,0.0,0.0,0.0,-0.0,1.0,1.0,1.0,1.0,1.0,15,12,-3,-0.2
710.0,18.0,2.0,1.0,1.0,2.0,0.0,4.0,2.0,5.0,1.0,2.0,1.0,8.0,0.0,0.0,1.0,0.0,1.0,0.0,0.0,1.0,0.0,0.0,0.0,0.0,1.0,0.0,0.0,0.0,1.0,0.0,0.0,0.0,1.0,0.0,0.0,1.0,-0.0,0.0,1.0,1.0,1.0,1.0,15,10,-5,-0.33
226.0,17.0,3.0,2.0,1.0,2.0,0.0,5.0,3.0,4.0,1.0,3.0,3.0,10.0,0.0,0.0,1.0,0.0,1.0,0.0,0.0,1.0,0.0,0.0,0.0,0.0,1.0,0.0,0.0,1.0,0.0,0.0,0.0,0.0,1.0,0.0,0.0,0.0,-0.0,1.0,0.0,1.0,1.0,0.0,15,10,-5,-0.33
851.0,16.0,1.0,1.0,1.0,2.0,0.0,5.0,4.0,3.0,2.0,1.0,2.0,0.0,1.0,0.0,1.0,0.0,1.0,1.0,0.0,0.0,0.0,0.0,0.0,0.0,1.0,0.0,0.0,1.0,0.0,0.0,0.0,1.0,0.0,0.0,0.0,1.0,-0.0,0.0,0.0,1.0,0.0,1.0,15,10,-5,-0.33
121.0,15.0,2.0,2.0,1.0,4.0,0.0,5.0,5.0,4.0,1.0,2.0,5.0,6.0,0.0,1.0,1.0,0.0,1.0,0.0,0.0,0.0,1.0,0.0,0.0,0.0,0.0,1.0,0.0,0.0,1.0,0.0,0.0,1.0,0.0,0.0,0.0,1.0,1.0,1.0,1.0,1.0,1.0,0.0,15,10,-5,-0.33
409.0,15.0,2.0,2.0,1.0,3.0,0.0,4.0,5.0,2.0,1.0,1.0,3.0,0.0,0.0,1.0,1.0,0.0,0.0,0.0,0.0,1.0,0.0,0.0,0.0,0.0,1.0,0.0,0.0,0.0,1.0,0.0,0.0,0.0,0.0,1.0,0.0,1.0,-0.0,0.0,1.0,1.0,1.0,1.0,15,13,-2,-0.13
912.0,16.0,1.0,2.0,2.0,1.0,0.0,5.0,4.0,5.0,1.0,4.0,2.0,0.0,1.0,0.0,0.0,1.0,1.0,0.0,0.0,1.0,0.0,0.0,0.0,0.0,1.0,0.0,0.0,0.0,0.0,0.0,1.0,0.0,1.0,0.0,0.0,0.0,-0.0,1.0,1.0,1.0,1.0,0.0,15,10,-5,-0.33
20.0,15.0,4.0,3.0,1.0,2.0,0.0,4.0,4.0,1.0,1.0,1.0,1.0,0.0,0.0,1.0,1.0,0.0,1.0,0.0,0.0,0.0,0.0,1.0,0.0,0.0,1.0,0.0,0.0,0.0,0.0,0.0,1.0,0.0,1.0,0.0,0.0,0.0,-0.0,0.0,1.0,1.0,1.0,0.0,15,14,-1,-0.07
611.0,17.0,1.0,1.0,1.0,2.0,0.0,4.0,4.0,4.0,1.0,3.0,1.0,0.0,0.0,0.0,1.0,0.0,1.0,0.0,0.0,1.0,0.0,0.0,0.0,0.0,1.0,0.0,0.0,1.0,0.0,0.0,0.0,0.0,1.0,0.0,0.0,1.0,-0.0,0.0,0.0,1.0,0.0,0.0,15,11,-4,-0.27
740.0,18.0,4.0,4.0,1.0,2.0,0.0,4.0,2.0,4.0,1.0,1.0,4.0,0.0,0.0,0.0,1.0,1.0,0.0,0.0,1.0,0.0,0.0,0.0,0.0,0.0,1.0,0.0,0.0,0.0,1.0,0.0,0.0,0.0,1.0,0.0,0.0,1.0,1.0,0.0,1.0,1.0,1.0,1.0,15,12,-3,-0.2
56.0,15.0,4.0,3.0,1.0,2.0,0.0,4.0,3.0,2.0,1.0,1.0,1.0,0.0,0.0,0.0,1.0,0.0,0.0,0.0,0.0,0.0,1.0,0.0,0.0,0.0,0.0,1.0,0.0,0.0,0.0,0.0,1.0,0.0,1.0,0.0,0.0,1.0,1.0,1.0,1.0,1.0,1.0,0.0,15,15,0,0.0
583.0,16.0,3.0,3.0,2.0,2.0,0.0,4.0,4.0,5.0,1.0,1.0,4.0,0.0,0.0,0.0,1.0,1.0,1.0,0.0,0.0,1.0,0.0,0.0,0.0,0.0,1.0,0.0,0.0,0.0,0.0,0.0,1.0,0.0,1.0,0.0,0.0,1.0,-0.0,1.0,1.0,1.0,1.0,0.0,15,14,-1,-0.07
664.0,16.0,4.0,3.0,1.0,1.0,0.0,5.0,4.0,5.0,1.0,1.0,3.0,7.0,0.0,1.0,1.0,1.0,1.0,0.0,0.0,0.0,0.0,1.0,0.0,0.0,1.0,0.0,0.0,1.0,0.0,0.0,0.0,0.0,1.0,0.0,0.0,0.0,-0.0,1.0,0.0,1.0,1.0,0.0,15,14,-1,-0.07
342.0,18.0,3.0,4.0,1.0,2.0,0.0,4.0,3.0,3.0,1.0,3.0,5.0,11.0,0.0,1.0,1.0,1.0,1.0,0.0,0.0,0.0,1.0,0.0,0.0,0.0,1.0,0.0,0.0,0.0,1.0,0.0,0.0,0.0,1.0,0.0,0.0,0.0,-0.0,1.0,1.0,1.0,1.0,1.0,15,12,-3,-0.2
120.0,15.0,1.0,2.0,1.0,2.0,0.0,3.0,2.0,3.0,1.0,2.0,1.0,2.0,0.0,0.0,1.0,0.0,1.0,1.0,0.0,0.0,0.0,0.0,0.0,0.0,0.0,1.0,0.0,1.0,0.0,0.0,0.0,0.0,1.0,0.0,0.0,0.0,-0.0,0.0,0.0,1.0,1.0,0.0,15,10,-5,-0.33
746.0,20.0,3.0,2.0,1.0,1.0,2.0,5.0,5.0,3.0,1.0,1.0,5.0,0.0,0.0,1.0,1.0,0.0,0.0,0.0,0.0,0.0,1.0,0.0,0.0,0.0,1.0,0.0,0.0,1.0,0.0,0.0,0.0,0.0,0.0,1.0,0.0,0.0,-0.0,1.0,1.0,1.0,0.0,0.0,15,8,-7,-0.47
707.0,18.0,2.0,3.0,1.0,4.0,0.0,4.0,5.0,5.0,1.0,3.0,2.0,10.0,0.0,0.0,1.0,0.0,1.0,0.0,0.0,1.0,0.0,0.0,0.0,0.0,0.0,1.0,0.0,0.0,0.0,0.0,1.0,1.0,0.0,0.0,0.0,1.0,-0.0,1.0,1.0,1.0,1.0,1.0,16,12,-4,-0.25
32.0,15.0,4.0,3.0,1.0,2.0,0.0,4.0,5.0,2.0,1.0,1.0,5.0,0.0,0.0,1.0,0.0,0.0,1.0,0.0,0.0,0.0,0.0,1.0,1.0,0.0,0.0,0.0,0.0,1.0,0.0,0.0,0.0,0.0,1.0,0.0,0.0,1.0,-0.0,1.0,1.0,1.0,1.0,1.0,16,15,-1,-0.06
456.0,16.0,1.0,1.0,4.0,1.0,0.0,5.0,5.0,5.0,5.0,5.0,5.0,0.0,0.0,0.0,1.0,0.0,1.0,0.0,0.0,0.0,1.0,0.0,0.0,0.0,0.0,1.0,0.0,1.0,0.0,0.0,0.0,1.0,0.0,0.0,1.0,1.0,-0.0,1.0,0.0,1.0,1.0,1.0,16,11,-5,-0.31
446.0,15.0,4.0,2.0,1.0,2.0,0.0,4.0,3.0,3.0,1.0,1.0,5.0,0.0,0.0,0.0,1.0,1.0,1.0,0.0,1.0,0.0,0.0,0.0,0.0,0.0,1.0,0.0,0.0,0.0,0.0,1.0,0.0,0.0,1.0,0.0,0.0,1.0,-0.0,0.0,1.0,1.0,1.0,0.0,16,14,-2,-0.12
391.0,17.0,3.0,1.0,2.0,1.0,0.0,2.0,4.0,5.0,3.0,4.0,2.0,3.0,1.0,1.0,1.0,1.0,1.0,0.0,0.0,0.0,1.0,0.0,0.0,0.0,0.0,1.0,0.0,1.0,0.0,0.0,0.0,0.0,1.0,0.0,0.0,0.0,-0.0,0.0,0.0,1.0,1.0,0.0,16,10,-6,-0.38
14.0,15.0,2.0,2.0,1.0,3.0,0.0,4.0,5.0,2.0,1.0,1.0,3.0,0.0,0.0,1.0,1.0,0.0,0.0,0.0,0.0,1.0,0.0,0.0,0.0,0.0,1.0,0.0,0.0,0.0,1.0,0.0,0.0,0.0,0.0,1.0,0.0,1.0,-0.0,0.0,1.0,1.0,1.0,1.0,16,13,-3,-0.19
928.0,16.0,2.0,1.0,1.0,2.0,0.0,3.0,2.0,2.0,1.0,1.0,3.0,0.0,1.0,0.0,1.0,1.0,1.0,0.0,0.0,1.0,0.0,0.0,0.0,0.0,0.0,1.0,0.0,0.0,0.0,1.0,0.0,0.0,1.0,0.0,0.0,0.0,-0.0,0.0,1.0,1.0,1.0,1.0,16,12,-4,-0.25
671.0,16.0,2.0,1.0,3.0,1.0,0.0,4.0,3.0,3.0,1.0,1.0,4.0,7.0,0.0,1.0,1.0,0.0,1.0,0.0,0.0,1.0,0.0,0.0,0.0,0.0,1.0,0.0,0.0,1.0,0.0,0.0,0.0,0.0,1.0,0.0,0.0,0.0,-0.0,0.0,1.0,1.0,1.0,0.0,16,11,-5,-0.31
645.0,17.0,2.0,2.0,1.0,2.0,0.0,4.0,4.0,2.0,5.0,5.0,4.0,0.0,0.0,1.0,1.0,1.0,1.0,0.0,0.0,1.0,0.0,0.0,0.0,0.0,1.0,0.0,0.0,0.0,1.0,0.0,0.0,1.0,0.0,0.0,0.0,0.0,-0.0,1.0,0.0,1.0,1.0,1.0,16,11,-5,-0.31
711.0,17.0,2.0,4.0,2.0,2.0,0.0,4.0,3.0,3.0,1.0,1.0,1.0,6.0,0.0,0.0,1.0,0.0,1.0,1.0,0.0,0.0,0.0,0.0,0.0,1.0,0.0,0.0,0.0,0.0,0.0,0.0,1.0,0.0,1.0,0.0,0.0,1.0,-0.0,0.0,1.0,1.0,1.0,1.0,16,11,-5,-0.31
109.0,16.0,4.0,4.0,1.0,3.0,0.0,5.0,4.0,5.0,1.0,1.0,4.0,4.0,0.0,0.0,1.0,1.0,1.0,0.0,1.0,0.0,0.0,0.0,0.0,1.0,0.0,0.0,0.0,0.0,0.0,1.0,0.0,0.0,1.0,0.0,0.0,1.0,1.0,1.0,1.0,1.0,1.0,1.0,16,12,-4,-0.25
359.0,18.0,1.0,1.0,2.0,3.0,0.0,5.0,3.0,2.0,1.0,1.0,4.0,0.0,1.0,0.0,1.0,1.0,1.0,1.0,0.0,0.0,0.0,0.0,0.0,0.0,0.0,1.0,0.0,1.0,0.0,0.0,0.0,1.0,0.0,0.0,0.0,0.0,-0.0,0.0,1.0,1.0,1.0,0.0,16,10,-6,-0.38
920.0,17.0,4.0,4.0,1.0,3.0,0.0,4.0,4.0,3.0,1.0,2.0,5.0,0.0,1.0,1.0,1.0,1.0,1.0,0.0,0.0,1.0,0.0,0.0,0.0,0.0,0.0,1.0,0.0,0.0,1.0,0.0,0.0,0.0,1.0,0.0,0.0,1.0,-0.0,0.0,1.0,1.0,1.0,0.0,16,11,-5,-0.31
593.0,16.0,3.0,2.0,1.0,2.0,0.0,1.0,2.0,2.0,1.0,2.0,1.0,8.0,0.0,0.0,1.0,0.0,1.0,0.0,0.0,1.0,0.0,0.0,0.0,0.0,1.0,0.0,0.0,0.0,0.0,0.0,1.0,0.0,1.0,0.0,0.0,1.0,-0.0,0.0,1.0,1.0,1.0,0.0,16,14,-2,-0.12
499.0,15.0,3.0,4.0,1.0,2.0,0.0,5.0,4.0,4.0,1.0,1.0,1.0,0.0,0.0,1.0,1.0,0.0,0.0,0.0,0.0,0.0,1.0,0.0,0.0,0.0,1.0,0.0,0.0,1.0,0.0,0.0,0.0,0.0,1.0,0.0,0.0,1.0,-0.0,1.0,1.0,1.0,1.0,0.0,16,15,-1,-0.06
59.0,16.0,4.0,2.0,1.0,2.0,0.0,4.0,2.0,3.0,1.0,1.0,5.0,2.0,0.0,0.0,1.0,0.0,1.0,0.0,0.0,0.0,1.0,0.0,0.0,0.0,1.0,0.0,0.0,1.0,0.0,0.0,0.0,0.0,1.0,0.0,0.0,1.0,-0.0,0.0,1.0,1.0,1.0,0.0,16,11,-5,-0.31
805.0,17.0,2.0,2.0,1.0,2.0,0.0,4.0,3.0,4.0,1.0,3.0,4.0,0.0,0.0,0.0,1.0,0.0,1.0,0.0,0.0,0.0,1.0,0.0,0.0,0.0,0.0,1.0,0.0,0.0,0.0,0.0,1.0,0.0,1.0,0.0,0.0,1.0,-0.0,1.0,1.0,1.0,1.0,0.0,17,11,-6,-0.35
795.0,18.0,4.0,3.0,1.0,3.0,0.0,5.0,3.0,2.0,1.0,2.0,4.0,4.0,0.0,1.0,0.0,0.0,1.0,0.0,0.0,0.0,0.0,1.0,0.0,0.0,0.0,1.0,0.0,1.0,0.0,0.0,0.0,0.0,1.0,0.0,0.0,0.0,-0.0,0.0,1.0,1.0,1.0,1.0,17,13,-4,-0.24
403.0,15.0,3.0,2.0,1.0,2.0,0.0,4.0,2.0,2.0,1.0,1.0,1.0,0.0,0.0,1.0,1.0,1.0,0.0,0.0,0.0,0.0,1.0,0.0,0.0,0.0,1.0,0.0,0.0,0.0,1.0,0.0,0.0,0.0,1.0,0.0,0.0,1.0,-0.0,0.0,1.0,1.0,1.0,0.0,17,15,-2,-0.12
182.0,17.0,2.0,4.0,1.0,2.0,0.0,5.0,4.0,2.0,2.0,3.0,5.0,0.0,0.0,0.0,1.0,0.0,1.0,0.0,0.0,0.0,1.0,0.0,0.0,0.0,0.0,1.0,0.0,0.0,0.0,0.0,1.0,1.0,0.0,0.0,0.0,1.0,-0.0,1.0,1.0,1.0,0.0,0.0,17,13,-4,-0.24
580.0,16.0,1.0,-0.0,2.0,2.0,0.0,4.0,3.0,2.0,1.0,1.0,3.0,0.0,0.0,1.0,1.0,0.0,1.0,0.0,0.0,1.0,0.0,0.0,0.0,0.0,1.0,0.0,0.0,0.0,0.0,0.0,1.0,0.0,1.0,0.0,0.0,1.0,-0.0,1.0,1.0,1.0,1.0,1.0,18,13,-5,-0.28
989.0,18.0,4.0,4.0,2.0,2.0,0.0,4.0,3.0,5.0,1.0,2.0,1.0,0.0,1.0,0.0,1.0,0.0,1.0,0.0,0.0,0.0,0.0,1.0,0.0,0.0,0.0,0.0,1.0,0.0,0.0,0.0,1.0,0.0,1.0,0.0,0.0,0.0,-0.0,1.0,0.0,1.0,1.0,0.0,18,14,-4,-0.22
8.0,15.0,3.0,2.0,1.0,2.0,0.0,4.0,2.0,2.0,1.0,1.0,1.0,0.0,0.0,1.0,1.0,1.0,0.0,0.0,0.0,0.0,1.0,0.0,0.0,0.0,1.0,0.0,0.0,0.0,1.0,0.0,0.0,0.0,1.0,0.0,0.0,1.0,1.0,0.0,1.0,1.0,1.0,0.0,19,15,-4,-0.21
